1;Admin;admin@admin.com;admin
2;Eryk;eryk@hotmail.com;12345
3;italo;italo@hotmail.com;123456
4;Ravy;ravy@hotmail.com;123456
5;Giselle;giselle@gmail.com;12346;Ingride;ingride@hotmail.com;12345
6;Guilherme;guilherme@gmail.com;1234567
7;Paloma;paloma@gmail.com;1234
26;e;e@gmail.com;1234
27;o;o@gmail.com;12345
28;l;l@gmail.com;1234
29;m;m@gmail.com;123
